https://www.hutch-med.com/,Redirect to https://www.hutch-med.com/
https://www.hyakuren.org/,Redirect to https://www.hyakuren.org/
https://www.moneyherogroup.com:443/,Redirect to https://www.moneyherogroup.com:443/
https://www.ichain.co.jp/index_en.html,Active
https://www.parametacorp.com/,Redirect to https://www.parametacorp.com/
https://www.ieichiba.com/,Active
https://ietty.co.jp/,Redirect to https://ietty.co.jp/
https://iglooinsure.com/,Redirect to https://iglooinsure.com/
https://www.igloocompany.co/,Active
https://www.igloohome.co/,Redirect to https://www.igloohome.co/
https://www.igloohome.co/,Redirect to https://www.igloohome.co/
https://www.igloohome.co/,Active
https://iioffice.co.jp/,Inactive
https://token.im/,Inactive
https://www.indetail.co.jp/,Redirect to https://www.indetail.co.jp/
https://indorse.io/,Active
https://ink.plus/,Error: Failed to perform request
http://inspections.ai,Error: Failed to perform request
https://internationalcementgroup.com/,Redirect to https://internationalcementgroup.com/
https://iost.io/,Redirect to https://iost.io/
http://www.faqs.org/patents/assignee/intuitive-creations-pte-ltd/,Inactive
https://www.investacrowd.com/,Error: Failed to perform request
https://ionmobility.substack.com/,Active
http://ipbridge.co.jp,Error: Failed to perform request
https://ispace-inc.com/,Redirect to https://ispace-inc.com/
https://addx.co/en/index.html,Redirect to https://addx.co/en/index.html
https://isun.one,Inactive
https://www.itandi.co.jp:443/,Redirect to https://www.itandi.co.jp:443/
https://iyell.co.jp/en/,Active
https://www.jasonchoi.me/,Active
https://jmty.co.jp/,Redirect to https://jmty.co.jp/
http://www.johnshout.com/,Redirect to http://www.johnshout.com/
https://www.justcoglobal.com/sg/,Redirect to https://www.justcoglobal.com/sg/
https://k-engine.jp/,Inactive
http://kamarq.net,Error: Failed to perform request
https://www.kasa.co.kr/,Active
https://keeyls.com/,Active
https://kenrobo-tech.com/,Active
http://keychain.jp/eng,Inactive
https://www.kickscrew.com/,Inactive
https://www.kine.io/,Redirect to https://www.kine.io/
https://www.kingswap.io/,Redirect to https://www.kingswap.io/
https://www.klaud9.com/es,Active
https://klaytn.foundation/,Redirect to https://klaytn.foundation/
https://www.kloneworld.com/,Inactive
https://koinearth.com/,Inactive
https://lightning.korbit.co.kr/,Redirect to https://lightning.korbit.co.kr/
https://kratosinnovationlabs.com/,Redirect to https://kratosinnovationlabs.com/
NO WEBSITE,Error: Failed to perform request
https://www.kucoin.com/ucenter/signup?utm_source=crunchbase,Active
https://www.kyash.co/,Redirect to https://www.kyash.co/
https://lalaworld.io/,Redirect to https://lalaworld.io/
https://www.lambda.im/en/index.html,Active
https://lastrust.io/,Active
https://lauretta.io/,Redirect to https://lauretta.io/
https://layerx.co.jp/,Active
https://leanstation.com/,Redirect to https://leanstation.com/
https://www.leeways.co.jp/,Active
https://www.letscorp.com/,Redirect to https://www.letscorp.com/
https://www.licchain.io/,Error: Failed to perform request
https://limar.co.jp/,Redirect to https://limar.co.jp/
https://linough.com:443/,Redirect to https://linough.com:443/
https://liquefy.com/,Active
https://www.livesmart.co.jp/,Active
https://loadstarcapital.com/ja/index.html,Active
https://localworks.co.jp/,Redirect to https://localworks.co.jp/
https://lucentblock.com/,Redirect to https://lucentblock.com/
https://www.luxify.com/,Inactive
https://lydian.io/,Active
https://lynk.global/,Active
http://madup.com/,Active
http://maicapital.io,Inactive
https://mansion-market.com/,Active
https://investor.manulifeusreit.sg/stock.html,Redirect to https://investor.manulifeusreit.sg/stock.html
https://www.mapxus.com/,Redirect to https://www.mapxus.com/
https://www.marlin.org/,Redirect to https://www.marlin.org/
http://mass-active.com,Inactive
https://www.materis.co.jp/index.html,Redirect to https://www.materis.co.jp/index.html
http://ww25.matrixchain.io/?subid1=20230620-1331-102f-a072-b5ff4d3ea1d3,Redirect to http://ww25.matrixchain.io/?subid1=20230620-1331-102f-a072-b5ff4d3ea1d3
https://www.matsuri.tech/,Active
http://en.meissa.ai/,Active
http://membersheep.net,Inactive
https://www.merit.me/,Active
https://www.merklescience.com/,Active
https://www.metroresidences.com/,Redirect to https://www.metroresidences.com/
https://www.mezzofy.com/,Redirect to https://www.mezzofy.com/
https://www.mortgagefss.jp/,Redirect to https://www.mortgagefss.jp/
https://mangrove.city/,Redirect to https://mangrove.city/
https://magocoro.me/,Redirect to https://magocoro.me/
https://mindlogic.ai/,Active
https://www.mirairo.co.jp/company,Active
https://www.mixmarvel.com/,Redirect to https://www.mixmarvel.com/
https://mofas.io/,Error: Failed to perform request
https://www.moglix.com/,Redirect to https://www.moglix.com/
https://www.mogul.sg/,Redirect to https://www.mogul.sg/
https://www.monarc.house/,Active
https://www.monet-technologies.com/,Active
https://moneytap.jp/index.html,Active
https://monooq.com/,Active
https://www.morpheuslabs.io/,Redirect to https://www.morpheuslabs.io/
https://www.movin.co.jp/,Active
https://www.usemultiplier.com/,Active
https://www.musey.net/,Redirect to https://www.musey.net/
https://www.musiclife.io/,Redirect to https://www.musiclife.io/
https://mvlchain.io/,Active
https://www.myrealtrip.com/,Active
https://mywish.io/index.html,Active
https://andfrnds.com/,Redirect to https://andfrnds.com/
https://nanameue.jp/,Redirect to https://nanameue.jp/
https://nayuta.co/,Active
https://www.nec.com/,Redirect to https://www.nec.com/
https://www.neukind.com/,Redirect to https://www.neukind.com/
https://www.neural-group.com/index.html,Redirect to https://www.neural-group.com/index.html
http://www.neuron.sg,Error: Failed to perform request
https://nickel.to/,Redirect to https://nickel.to/
https://niftex.com/,Error: Failed to perform request
https://www.nokisaki.com/,Active
https://www.non-brokers.com/,Active
https://norma.co.kr/,Error: Failed to perform request
https://www.nosh.hk/,Active
https://www.novade.net/,Active
https://www.novade.net/,Active
http://nucon.io/,Inactive
https://www.nurve.jp/,Redirect to https://www.nurve.jp/
https://www.nutrition-technologies.com/,Active
https://www.nuts.finance/,Redirect to https://www.nuts.finance/
https://ohou.se/,Redirect to https://ohou.se/
https://www.oax.org/,Redirect to https://www.oax.org/
https://oceanprotocol.com/,Active
https://andpad.co.jp:443/,Redirect to https://andpad.co.jp:443/
https://www.octo3.com/,Active
https://octowill.io,Error: Failed to perform request
https://ohmyhome.com/en-sg,Redirect to https://ohmyhome.com/en-sg
https://www.omniaz.io/,Active
https://www.onedegree.hk/en-us,Active
http://www.oneoneday.com,Inactive
https://onepixel.co.kr/,Redirect to https://onepixel.co.kr/
https://onigo.club/,Redirect to https://onigo.club/
http://otdocs.com/,Inactive
https://openocean.finance/,Active
https://www.opulous.org/,Redirect to https://www.opulous.org/
https://origo.network/,Active
http://www.osharehouse.net/,Error: Failed to perform request
https://osome.com/sg/,Active
https://www.ouehealthcare.com/,Redirect to https://www.ouehealthcare.com/
https://destinationoutpost.co/,Active
https://oxfordcaps.com/,Error: Failed to perform request
https://www.oyolife.co.jp/,Error: Failed to perform request
https://alfred24.com/,Redirect to https://alfred24.com/
https://palette.cloud/,Active
https://panoptic.ai/,Active
https://panoroo.com/,Active
http://smartparking.iparking.co.kr/,Active
https://patron-influencers.com,Inactive
https://corp.paylessgate.com/en,Inactive
https://peaceteclab.co.jp/,Redirect to https://peaceteclab.co.jp/
http://www.pegaxis.com/,Error: Failed to perform request
https://peoplewave.co/,Inactive
https://percipientcx.com/,Redirect to https://percipientcx.com/
https://www.duse.co.kr:443/views/home.html,Redirect to https://www.duse.co.kr:443/views/home.html
https://www.photoruction.com/,Active
http://www.photosynth.co.jp/,Error: Failed to perform request
https://hk.pickupp.io/en/,Active
https://pig.world/,Error: Failed to perform request
https://www.pipihosting.com/#intro,Active
https://corp.litpla.com/,Redirect to https://corp.litpla.com/
https://www.plasmnet.io/,Error: Failed to perform request
https://plasmabank.com/,Error: Failed to perform request
https://www.points.org/,Redirect to https://www.points.org/
https://www.polygence.org/,Active
http://popshoot.co.jp/#about,Active
https://www.populstay.com/,Error: Failed to perform request
https://www.poseidon.network/,Redirect to https://www.poseidon.network/
https://www.poynt.com:443/,Redirect to https://www.poynt.com:443/
https://www.prenetics.com/,Active
https://bittokoin-kajino.com/,Redirect to https://bittokoin-kajino.com/
https://www.projz.com/,Active
http://properhands.com,Error: Failed to perform request
https://propine.com/,Redirect to https://propine.com/
https://propseller.com/,Redirect to https://propseller.com/
https://www.prored-p.com:443/,Redirect to https://www.prored-p.com:443/
https://prospace.io/,Active
https://proxicoin.com/,Error: Failed to perform request
https://psygig.com/,Redirect to https://psygig.com/
https://pundix.com/,Active
https://www.btrlyf.com/,Active
https://www.qiq.global/,Error: Failed to perform request
https://www.qoo-app.com/,Active
https://www.qornerstone.com/,Redirect to https://www.qornerstone.com/
https://qtum.org/,Active
https://www.quadrantprotocol.com/,Active
https://www.quadrant.io/,Redirect to https://www.quadrant.io/
https://qupital.com:443/,Redirect to https://qupital.com:443/
https://radiusagent.com/,Inactive
https://rate.com.sg/,Error: Failed to perform request
https://nanoraze.com/,Inactive
https://read.lianzai.com/,Error: Failed to perform request
https://real.markets/,Active
https://www.realestatedoc.co/,Active
https://www.realinflo.com/,Active
